IMG_6883.jpg,DSGTS6UXR20B0.jpeg 
IMG_6908.jpg,M9242UWHCM35U.jpeg
IMG_6934.jpg,KCK325VEAS19O.jpeg
image-20210928-102721-8eaea48f.jpg,M0565ONGEM50P.jpeg
IMG_6921.jpg,M0538BCALM900.jpeg
IMG_6909.jpg,M9242BWDEM090.jpeg
IMG_6896.jpg,M447SCCYRXM010.jpeg
IMG_6894.jpg,M9204USJCM928.jpeg
IMG_6880.jpg,BOBYR1UXR42FR.jpeg
IMG_6881.jpg,DSGTS1UXR10A0.jpeg
image-20210928-102718-2474636a.jpg,M0505SLOIM989.jpeg
image-20210928-102806-79d7094b.jpg,M1286ZRHMM918.jpeg
image-20210928-103157-a46cc321.jpg,30MNTGN8072K.jpeg
MicrosoftTeams-image_48.png,SOSTELAIR1807YB.jpeg
IMG_6891.jpg,M9203SBAVM989.jpeg
IMG_6885.jpg,BOBYR1UXR10A0.jpeg
IMG_6884.jpg,DSGTS1UXR20B0.jpeg
IMG_6886.jpg,DSGTR1UXR26A1.jpeg
IMG_6892.jpg,M9204ULERXM423.jpeg
IMG_6919.jpg,M0538BCALM030.jpeg
image-20210928-102747-05631ad4.jpg,S2110UMOSM900.jpeg
IMG_6918.jpg,04RIV106IMCOC583.jpeg
IMG_6924.jpg,KCK315NYFS900.jpeg
IMG_6930.jpg,KCK299CNFS900.jpeg
IMG_6893.jpg,M9203UTFQM928.jpeg
image-20210928-103200-ce51703f.jpg,30MNTGNSZJ1I.jpeg
IMG_6878.jpg,DSGTA1UXR10A0.jpeg
IMG_6957.jpg,KCK177CVAS06W.jpeg
IMG_6956.jpg,KCI675SCRS52X.jpeg
IMG_6940.jpg,KCQ390VEAS54H.jpeg
IMG_6954.jpg,KDI613VEAS900.jpeg
image-20210928-103217-38e9a47d.jpg,M0531NWDDM900.jpeg
image-20210928-103742-55a72762.jpg,KCK304CVES03W.jpeg
IMG_6955.jpg,KDI717VEAS900.jpeg
IMG_6951.jpg,KDC201TFLS900.jpeg
IMG_6950.jpg,KDI611SCNS52X.jpeg
IMG_6944.jpg,KCQ266VEAS900.jpeg
image-20210928-103754-89c16e1e.jpg,KCK233TOKS56B.jpeg
IMG_6952.jpg,KDB717ACAS44W.jpeg
IMG_6947.jpg,KDB578TJES36W.jpeg
IMG_6953.jpg,KDI607VSOS900.jpeg
image-20210928-103707-a441ed0e.jpg,KCK311VEAS10W.jpeg
image-20210928-103807-7573be37.jpg,KCK211DLPS26U.jpeg
IMG_6949.jpg,KDP882EMRS900.jpeg
IMG_6961.jpg,KCK318CMPS10W.jpeg
IMG_6948.jpg,KDP916LNYS27G.jpeg
image-20210928-103240-bd2d326b.jpg,M9242UTHRM928.jpeg
image-20210928-102725-7e28b44c.jpg,M9203CMOSM46E.jpeg
IMG_6958.jpg,KCK177CVAS12X.jpeg
image-20210928-103825-be7929ac.jpg,KCI677OSYS900.jpeg
IMG_6959.jpg,KCK211DAMS17X.jpeg
image-20210928-102729-f53d9faf.jpg,M9203UMOSM747.jpeg
image-20210928-102940-20cd277d.jpg,EVDRSUQRB0G0.jpeg
MicrosoftTeams-image_53.png,S5652CBAAM41G.jpeg
IMG_6875.jpg,30MTS3UXR12A1.jpeg
image-20210928-102713-12d2869d.jpg,CRO44500SM334.jpeg
IMG_6901.jpg,M0565ORHMM918.jpeg
image-20210928-102802-39d3c54f.jpg,S5475ZRHMM918.jpeg
image-20210928-103731-9f1c8777.jpg,KCK278BCRS29W.jpeg
IMG_6914.jpg,CD040110M0020000.jpeg
MicrosoftTeams-image_46.png,SOSTELAIR1SZJ86.jpeg
image-20210928-102758-fd41d453.jpg,M0531NWDDM900.jpeg
image-20210928-103146-c8d2fedb.jpg,M0446CWVGM900.jpeg
MicrosoftTeams-image_50.png,DSGTS6UXR10A0.jpeg
MicrosoftTeams-image_44.png,DSGTR1UXR10A0.jpeg
IMG_6889.jpg,EVDRAUQRB0B0.jpeg
MicrosoftTeams-image_54.png,S5652CCEHM900.jpeg
MicrosoftTeams-image_42.png,30MNTGN8072K.jpeg
image-20210928-103700-a406b29c.jpg,KDI613VEAS900.jpeg
image-20210928-102732-8502aded.jpg,KDB704LNYS26U.jpeg
image-20210928-103810-3cb15816.jpg,KCK276NKRS900.jpeg
IMG_6877.jpg,DSGTB1UXR10A0.jpeg
IMG_6888.jpg,30MTSUMR41A0.jpeg
IMG_6898.jpg,M0446ILLOM50P.jpeg
IMG_6899.jpg,M1296ZJTKM932.jpeg
IMG_6902.jpg,M9203ULEZM52R.jpeg
IMG_6906.jpg,M0538BCALM900.jpeg
IMG_6912.jpg,CD040110M0020000.jpeg
IMG_6913.jpg,CD040110A0010000.jpeg
MicrosoftTeams-image_45.png,DSGTS2UXR20B0.jpeg
